"patient_id","tumor_site","n_cells","chromosome","chr_num","mean_cnv"
"SPECTRUM-OV-014","Solid",1500,"chr1",1,0.996689104917479
"SPECTRUM-OV-014","Solid",1500,"chr2",2,1.03500947259765
"SPECTRUM-OV-014","Solid",1500,"chr3",3,1.0869404049354
"SPECTRUM-OV-014","Solid",1500,"chr4",4,1.01163021213409
"SPECTRUM-OV-014","Solid",1500,"chr5",5,0.958477401072368
"SPECTRUM-OV-014","Solid",1500,"chr6",6,0.90698306723015
"SPECTRUM-OV-014","Solid",1500,"chr7",7,1.01009939365983
"SPECTRUM-OV-014","Solid",1500,"chr8",8,1.02089958526613
"SPECTRUM-OV-014","Solid",1500,"chr9",9,1.03758614681283
"SPECTRUM-OV-014","Solid",1500,"chr10",10,0.986807249101146
"SPECTRUM-OV-014","Solid",1500,"chr11",11,1.00558505561617
"SPECTRUM-OV-014","Solid",1500,"chr12",12,1.07564584343367
"SPECTRUM-OV-014","Solid",1500,"chr13",13,0.951846565408498
"SPECTRUM-OV-014","Solid",1500,"chr14",14,0.979178013329624
"SPECTRUM-OV-014","Solid",1500,"chr15",15,0.94282202153633
"SPECTRUM-OV-014","Solid",1500,"chr16",16,0.926897223099855
"SPECTRUM-OV-014","Solid",1500,"chr17",17,0.972829744217051
"SPECTRUM-OV-014","Solid",1500,"chr18",18,1.01942373089323
"SPECTRUM-OV-014","Solid",1500,"chr19",19,1.00592745883648
"SPECTRUM-OV-014","Solid",1500,"chr20",20,1.07465961685349
"SPECTRUM-OV-014","Solid",1500,"chr21",21,1.03102607062514
"SPECTRUM-OV-014","Solid",1500,"chr22",22,0.945736053804436
"SPECTRUM-OV-014","Ascites",57,"chr1",1,1.00719792736081
"SPECTRUM-OV-014","Ascites",57,"chr2",2,1.03072196076811
"SPECTRUM-OV-014","Ascites",57,"chr3",3,1.04334786155892
"SPECTRUM-OV-014","Ascites",57,"chr4",4,0.999946924893562
"SPECTRUM-OV-014","Ascites",57,"chr5",5,0.923858070931487
"SPECTRUM-OV-014","Ascites",57,"chr6",6,0.913583511919514
"SPECTRUM-OV-014","Ascites",57,"chr7",7,1.00250700170386
"SPECTRUM-OV-014","Ascites",57,"chr8",8,1.00978949851793
"SPECTRUM-OV-014","Ascites",57,"chr9",9,1.04974257309708
"SPECTRUM-OV-014","Ascites",57,"chr10",10,0.983947580088251
"SPECTRUM-OV-014","Ascites",57,"chr11",11,0.994537004950365
"SPECTRUM-OV-014","Ascites",57,"chr12",12,1.06799354637941
"SPECTRUM-OV-014","Ascites",57,"chr13",13,0.976317461203942
"SPECTRUM-OV-014","Ascites",57,"chr14",14,0.945519028567576
"SPECTRUM-OV-014","Ascites",57,"chr15",15,0.969353105907226
"SPECTRUM-OV-014","Ascites",57,"chr16",16,0.949069542063486
"SPECTRUM-OV-014","Ascites",57,"chr17",17,0.987584787562101
"SPECTRUM-OV-014","Ascites",57,"chr18",18,1.02312605241124
"SPECTRUM-OV-014","Ascites",57,"chr19",19,1.0010836708792
"SPECTRUM-OV-014","Ascites",57,"chr20",20,1.10391299942146
"SPECTRUM-OV-014","Ascites",57,"chr21",21,1.0865514269037
"SPECTRUM-OV-014","Ascites",57,"chr22",22,0.939314698239543
"SPECTRUM-OV-024","Solid",1500,"chr1",1,1.03036818363532
"SPECTRUM-OV-024","Solid",1500,"chr2",2,1.00372431441375
"SPECTRUM-OV-024","Solid",1500,"chr3",3,1.04049213225842
"SPECTRUM-OV-024","Solid",1500,"chr4",4,0.970086929931437
"SPECTRUM-OV-024","Solid",1500,"chr5",5,0.992548793059506
"SPECTRUM-OV-024","Solid",1500,"chr6",6,0.951642767661586
"SPECTRUM-OV-024","Solid",1500,"chr7",7,1.01359450118446
"SPECTRUM-OV-024","Solid",1500,"chr8",8,1.00291767360258
"SPECTRUM-OV-024","Solid",1500,"chr9",9,1.00846975025868
"SPECTRUM-OV-024","Solid",1500,"chr10",10,0.981852640680932
"SPECTRUM-OV-024","Solid",1500,"chr11",11,1.00304964211783
"SPECTRUM-OV-024","Solid",1500,"chr12",12,1.0775774827741
"SPECTRUM-OV-024","Solid",1500,"chr13",13,0.94837877643645
"SPECTRUM-OV-024","Solid",1500,"chr14",14,0.91553194150927
"SPECTRUM-OV-024","Solid",1500,"chr15",15,1.00909048994828
"SPECTRUM-OV-024","Solid",1500,"chr16",16,0.993928246190282
"SPECTRUM-OV-024","Solid",1500,"chr17",17,0.998127786853217
"SPECTRUM-OV-024","Solid",1500,"chr18",18,1.00390438397927
"SPECTRUM-OV-024","Solid",1500,"chr19",19,1.03504351444568
"SPECTRUM-OV-024","Solid",1500,"chr20",20,1.17053043046003
"SPECTRUM-OV-024","Solid",1500,"chr21",21,0.984761532925241
"SPECTRUM-OV-024","Solid",1500,"chr22",22,0.925434145754075
"SPECTRUM-OV-024","Ascites",190,"chr1",1,1.02083837773238
"SPECTRUM-OV-024","Ascites",190,"chr2",2,1.00321077190415
"SPECTRUM-OV-024","Ascites",190,"chr3",3,1.03329768325191
"SPECTRUM-OV-024","Ascites",190,"chr4",4,0.984190145112323
"SPECTRUM-OV-024","Ascites",190,"chr5",5,0.991160437802294
"SPECTRUM-OV-024","Ascites",190,"chr6",6,0.924685998901811
"SPECTRUM-OV-024","Ascites",190,"chr7",7,1.01315436387309
"SPECTRUM-OV-024","Ascites",190,"chr8",8,1.00261485893139
"SPECTRUM-OV-024","Ascites",190,"chr9",9,1.01349609993544
"SPECTRUM-OV-024","Ascites",190,"chr10",10,0.975914181977695
"SPECTRUM-OV-024","Ascites",190,"chr11",11,1.0013036521643
"SPECTRUM-OV-024","Ascites",190,"chr12",12,1.06687059895962
"SPECTRUM-OV-024","Ascites",190,"chr13",13,0.962885293739961
"SPECTRUM-OV-024","Ascites",190,"chr14",14,0.925825056735725
"SPECTRUM-OV-024","Ascites",190,"chr15",15,1.00942137191311
"SPECTRUM-OV-024","Ascites",190,"chr16",16,1.01814105084401
"SPECTRUM-OV-024","Ascites",190,"chr17",17,0.999652401923114
"SPECTRUM-OV-024","Ascites",190,"chr18",18,1.00758487707191
"SPECTRUM-OV-024","Ascites",190,"chr19",19,1.02535484016838
"SPECTRUM-OV-024","Ascites",190,"chr20",20,1.18918347031314
"SPECTRUM-OV-024","Ascites",190,"chr21",21,0.975446816531336
"SPECTRUM-OV-024","Ascites",190,"chr22",22,0.927064529013309
"SPECTRUM-OV-026","Solid",1500,"chr1",1,1.04647328942838
"SPECTRUM-OV-026","Solid",1500,"chr2",2,1.01515206992511
"SPECTRUM-OV-026","Solid",1500,"chr3",3,1.08570309883451
"SPECTRUM-OV-026","Solid",1500,"chr4",4,0.96292786773383
"SPECTRUM-OV-026","Solid",1500,"chr5",5,0.968142117673167
"SPECTRUM-OV-026","Solid",1500,"chr6",6,0.922215581318292
"SPECTRUM-OV-026","Solid",1500,"chr7",7,0.991961321921571
"SPECTRUM-OV-026","Solid",1500,"chr8",8,1.02643801992283
"SPECTRUM-OV-026","Solid",1500,"chr9",9,1.02520918302117
"SPECTRUM-OV-026","Solid",1500,"chr10",10,0.946857119247266
"SPECTRUM-OV-026","Solid",1500,"chr11",11,1.02875773937703
"SPECTRUM-OV-026","Solid",1500,"chr12",12,0.972644055755367
"SPECTRUM-OV-026","Solid",1500,"chr13",13,0.98453226818963
"SPECTRUM-OV-026","Solid",1500,"chr14",14,1.01948705307419
"SPECTRUM-OV-026","Solid",1500,"chr15",15,0.958452815858471
"SPECTRUM-OV-026","Solid",1500,"chr16",16,0.96468434044522
"SPECTRUM-OV-026","Solid",1500,"chr17",17,0.998568857408469
"SPECTRUM-OV-026","Solid",1500,"chr18",18,1.02406125187295
"SPECTRUM-OV-026","Solid",1500,"chr19",19,0.99755792816543
"SPECTRUM-OV-026","Solid",1500,"chr20",20,1.07865378971401
"SPECTRUM-OV-026","Solid",1500,"chr21",21,1.02887542343133
"SPECTRUM-OV-026","Solid",1500,"chr22",22,0.850980154514216
"SPECTRUM-OV-026","Ascites",52,"chr1",1,1.04119481689826
"SPECTRUM-OV-026","Ascites",52,"chr2",2,1.01734535557104
"SPECTRUM-OV-026","Ascites",52,"chr3",3,1.06818302742463
"SPECTRUM-OV-026","Ascites",52,"chr4",4,0.978267855984565
"SPECTRUM-OV-026","Ascites",52,"chr5",5,0.969772808569107
"SPECTRUM-OV-026","Ascites",52,"chr6",6,0.937555938922295
"SPECTRUM-OV-026","Ascites",52,"chr7",7,0.998782302513935
"SPECTRUM-OV-026","Ascites",52,"chr8",8,1.03070681500365
"SPECTRUM-OV-026","Ascites",52,"chr9",9,1.03503249826646
"SPECTRUM-OV-026","Ascites",52,"chr10",10,0.946500371276774
"SPECTRUM-OV-026","Ascites",52,"chr11",11,1.02411074815357
"SPECTRUM-OV-026","Ascites",52,"chr12",12,0.972093807262699
"SPECTRUM-OV-026","Ascites",52,"chr13",13,0.9644211839127
"SPECTRUM-OV-026","Ascites",52,"chr14",14,1.0229337433429
"SPECTRUM-OV-026","Ascites",52,"chr15",15,0.981861487309787
"SPECTRUM-OV-026","Ascites",52,"chr16",16,0.97694196557192
"SPECTRUM-OV-026","Ascites",52,"chr17",17,1.00659415514636
"SPECTRUM-OV-026","Ascites",52,"chr18",18,1.04241996049889
"SPECTRUM-OV-026","Ascites",52,"chr19",19,0.987706842815601
"SPECTRUM-OV-026","Ascites",52,"chr20",20,1.09938420130159
"SPECTRUM-OV-026","Ascites",52,"chr21",21,1.05786317136787
"SPECTRUM-OV-026","Ascites",52,"chr22",22,0.876696940316882
"SPECTRUM-OV-041","Solid",1500,"chr1",1,1.01392736923718
"SPECTRUM-OV-041","Solid",1500,"chr2",2,1.02607270948905
"SPECTRUM-OV-041","Solid",1500,"chr3",3,1.09181351266926
"SPECTRUM-OV-041","Solid",1500,"chr4",4,0.96702952970869
"SPECTRUM-OV-041","Solid",1500,"chr5",5,0.966098087920267
"SPECTRUM-OV-041","Solid",1500,"chr6",6,0.963437610313932
"SPECTRUM-OV-041","Solid",1500,"chr7",7,1.01250874715767
"SPECTRUM-OV-041","Solid",1500,"chr8",8,1.01560556034766
"SPECTRUM-OV-041","Solid",1500,"chr9",9,1.02169962964606
"SPECTRUM-OV-041","Solid",1500,"chr10",10,0.97357105626369
"SPECTRUM-OV-041","Solid",1500,"chr11",11,0.997571909808091
"SPECTRUM-OV-041","Solid",1500,"chr12",12,1.08263253361634
"SPECTRUM-OV-041","Solid",1500,"chr13",13,1.02607731682537
"SPECTRUM-OV-041","Solid",1500,"chr14",14,0.997112690313292
"SPECTRUM-OV-041","Solid",1500,"chr15",15,1.0161357134772
"SPECTRUM-OV-041","Solid",1500,"chr16",16,0.977696342558603
"SPECTRUM-OV-041","Solid",1500,"chr17",17,0.964405330925131
"SPECTRUM-OV-041","Solid",1500,"chr18",18,1.03092391383611
"SPECTRUM-OV-041","Solid",1500,"chr19",19,1.06039242401117
"SPECTRUM-OV-041","Solid",1500,"chr20",20,1.08954157492251
"SPECTRUM-OV-041","Solid",1500,"chr21",21,1.0252040063255
"SPECTRUM-OV-041","Solid",1500,"chr22",22,0.861109997615715
"SPECTRUM-OV-041","Ascites",1500,"chr1",1,1.0225864289648
"SPECTRUM-OV-041","Ascites",1500,"chr2",2,1.00835259917159
"SPECTRUM-OV-041","Ascites",1500,"chr3",3,1.06582750052748
"SPECTRUM-OV-041","Ascites",1500,"chr4",4,0.968353914626023
"SPECTRUM-OV-041","Ascites",1500,"chr5",5,0.979483490002967
"SPECTRUM-OV-041","Ascites",1500,"chr6",6,0.944630165223926
"SPECTRUM-OV-041","Ascites",1500,"chr7",7,1.01273852699723
"SPECTRUM-OV-041","Ascites",1500,"chr8",8,1.02088694701842
"SPECTRUM-OV-041","Ascites",1500,"chr9",9,1.05220994046065
"SPECTRUM-OV-041","Ascites",1500,"chr10",10,0.953527634541496
"SPECTRUM-OV-041","Ascites",1500,"chr11",11,1.00312879301988
"SPECTRUM-OV-041","Ascites",1500,"chr12",12,1.03812344246376
"SPECTRUM-OV-041","Ascites",1500,"chr13",13,1.01308351329
"SPECTRUM-OV-041","Ascites",1500,"chr14",14,0.989212286746023
"SPECTRUM-OV-041","Ascites",1500,"chr15",15,0.987291264907885
"SPECTRUM-OV-041","Ascites",1500,"chr16",16,1.00092904937737
"SPECTRUM-OV-041","Ascites",1500,"chr17",17,0.979803952571829
"SPECTRUM-OV-041","Ascites",1500,"chr18",18,1.01498544687466
"SPECTRUM-OV-041","Ascites",1500,"chr19",19,1.02347399720236
"SPECTRUM-OV-041","Ascites",1500,"chr20",20,1.16055986891326
"SPECTRUM-OV-041","Ascites",1500,"chr21",21,0.989937543366035
"SPECTRUM-OV-041","Ascites",1500,"chr22",22,0.857982745641851
"SPECTRUM-OV-042","Solid",1500,"chr1",1,0.990965115390106
"SPECTRUM-OV-042","Solid",1500,"chr2",2,1.00361892092362
"SPECTRUM-OV-042","Solid",1500,"chr3",3,1.09851204305698
"SPECTRUM-OV-042","Solid",1500,"chr4",4,0.981083778281517
"SPECTRUM-OV-042","Solid",1500,"chr5",5,0.966139259163891
"SPECTRUM-OV-042","Solid",1500,"chr6",6,0.944447365402152
"SPECTRUM-OV-042","Solid",1500,"chr7",7,1.00273028755589
"SPECTRUM-OV-042","Solid",1500,"chr8",8,1.08703049644589
"SPECTRUM-OV-042","Solid",1500,"chr9",9,1.00621327366959
"SPECTRUM-OV-042","Solid",1500,"chr10",10,0.973339700410696
"SPECTRUM-OV-042","Solid",1500,"chr11",11,1.04702136508854
"SPECTRUM-OV-042","Solid",1500,"chr12",12,1.02460799948558
"SPECTRUM-OV-042","Solid",1500,"chr13",13,0.964699431157156
"SPECTRUM-OV-042","Solid",1500,"chr14",14,1.0250803396612
"SPECTRUM-OV-042","Solid",1500,"chr15",15,0.980282590613676
"SPECTRUM-OV-042","Solid",1500,"chr16",16,1.04749070089409
"SPECTRUM-OV-042","Solid",1500,"chr17",17,0.979935988705722
"SPECTRUM-OV-042","Solid",1500,"chr18",18,0.988105493747888
"SPECTRUM-OV-042","Solid",1500,"chr19",19,1.05865473593623
"SPECTRUM-OV-042","Solid",1500,"chr20",20,1.13784651555589
"SPECTRUM-OV-042","Solid",1500,"chr21",21,1.02136460533247
"SPECTRUM-OV-042","Solid",1500,"chr22",22,0.947077542022394
"SPECTRUM-OV-042","Ascites",1500,"chr1",1,1.0046706621174
"SPECTRUM-OV-042","Ascites",1500,"chr2",2,1.0020783985917
"SPECTRUM-OV-042","Ascites",1500,"chr3",3,1.07691466914752
"SPECTRUM-OV-042","Ascites",1500,"chr4",4,0.968752917706971
"SPECTRUM-OV-042","Ascites",1500,"chr5",5,0.937338676584734
"SPECTRUM-OV-042","Ascites",1500,"chr6",6,0.953106289081727
"SPECTRUM-OV-042","Ascites",1500,"chr7",7,1.02981373749753
"SPECTRUM-OV-042","Ascites",1500,"chr8",8,1.05963568229095
"SPECTRUM-OV-042","Ascites",1500,"chr9",9,1.00800750232707
"SPECTRUM-OV-042","Ascites",1500,"chr10",10,0.980265591539602
"SPECTRUM-OV-042","Ascites",1500,"chr11",11,1.04476388269049
"SPECTRUM-OV-042","Ascites",1500,"chr12",12,1.03674522331438
"SPECTRUM-OV-042","Ascites",1500,"chr13",13,0.944123176637843
"SPECTRUM-OV-042","Ascites",1500,"chr14",14,0.999816090739451
"SPECTRUM-OV-042","Ascites",1500,"chr15",15,0.994230807138334
"SPECTRUM-OV-042","Ascites",1500,"chr16",16,1.04138178650717
"SPECTRUM-OV-042","Ascites",1500,"chr17",17,0.975776018413942
"SPECTRUM-OV-042","Ascites",1500,"chr18",18,0.991361438394984
"SPECTRUM-OV-042","Ascites",1500,"chr19",19,1.04653590800854
"SPECTRUM-OV-042","Ascites",1500,"chr20",20,1.20463655730281
"SPECTRUM-OV-042","Ascites",1500,"chr21",21,1.02250812374757
"SPECTRUM-OV-042","Ascites",1500,"chr22",22,0.92813997493803
"SPECTRUM-OV-050","Solid",1500,"chr1",1,1.02348014722366
"SPECTRUM-OV-050","Solid",1500,"chr2",2,1.00427003778457
"SPECTRUM-OV-050","Solid",1500,"chr3",3,1.0956599493205
"SPECTRUM-OV-050","Solid",1500,"chr4",4,0.990593148491247
"SPECTRUM-OV-050","Solid",1500,"chr5",5,0.966399684106751
"SPECTRUM-OV-050","Solid",1500,"chr6",6,0.965467905451906
"SPECTRUM-OV-050","Solid",1500,"chr7",7,0.987296267983411
"SPECTRUM-OV-050","Solid",1500,"chr8",8,1.0835219069087
"SPECTRUM-OV-050","Solid",1500,"chr9",9,1.0381573230025
"SPECTRUM-OV-050","Solid",1500,"chr10",10,0.973204175670106
"SPECTRUM-OV-050","Solid",1500,"chr11",11,1.01184181255624
"SPECTRUM-OV-050","Solid",1500,"chr12",12,1.00969880910989
"SPECTRUM-OV-050","Solid",1500,"chr13",13,0.979654163929912
"SPECTRUM-OV-050","Solid",1500,"chr14",14,1.03175768997759
"SPECTRUM-OV-050","Solid",1500,"chr15",15,0.981250992056706
"SPECTRUM-OV-050","Solid",1500,"chr16",16,1.01022215590372
"SPECTRUM-OV-050","Solid",1500,"chr17",17,0.977067241131291
"SPECTRUM-OV-050","Solid",1500,"chr18",18,1.00891095579211
"SPECTRUM-OV-050","Solid",1500,"chr19",19,1.00362173321484
"SPECTRUM-OV-050","Solid",1500,"chr20",20,1.06671637384921
"SPECTRUM-OV-050","Solid",1500,"chr21",21,1.08104643073222
"SPECTRUM-OV-050","Solid",1500,"chr22",22,0.988338090530359
"SPECTRUM-OV-050","Ascites",3,"chr1",1,0.990936684190357
"SPECTRUM-OV-050","Ascites",3,"chr2",2,1.00966301331867
"SPECTRUM-OV-050","Ascites",3,"chr3",3,1.08196186406693
"SPECTRUM-OV-050","Ascites",3,"chr4",4,1.00194668673113
"SPECTRUM-OV-050","Ascites",3,"chr5",5,1.00194668673113
"SPECTRUM-OV-050","Ascites",3,"chr6",6,0.930983598497931
"SPECTRUM-OV-050","Ascites",3,"chr7",7,1.00194668673113
"SPECTRUM-OV-050","Ascites",3,"chr8",8,1.05160816086407
"SPECTRUM-OV-050","Ascites",3,"chr9",9,1.05854925279566
"SPECTRUM-OV-050","Ascites",3,"chr10",10,0.953886494315961
"SPECTRUM-OV-050","Ascites",3,"chr11",11,1.02018221485437
"SPECTRUM-OV-050","Ascites",3,"chr12",12,1.02217242386996
"SPECTRUM-OV-050","Ascites",3,"chr13",13,1.02121847001246
"SPECTRUM-OV-050","Ascites",3,"chr14",14,0.968133638748618
"SPECTRUM-OV-050","Ascites",3,"chr15",15,1.00194668673113
"SPECTRUM-OV-050","Ascites",3,"chr16",16,1.00298133054115
"SPECTRUM-OV-050","Ascites",3,"chr17",17,0.993687675661894
"SPECTRUM-OV-050","Ascites",3,"chr18",18,1.00194668673113
"SPECTRUM-OV-050","Ascites",3,"chr19",19,1.00770443506955
"SPECTRUM-OV-050","Ascites",3,"chr20",20,1.07544020488926
"SPECTRUM-OV-050","Ascites",3,"chr21",21,0.991191126464051
"SPECTRUM-OV-050","Ascites",3,"chr22",22,0.985369460049623
"SPECTRUM-OV-051","Solid",1500,"chr1",1,0.995057564218554
"SPECTRUM-OV-051","Solid",1500,"chr2",2,1.0297920710503
"SPECTRUM-OV-051","Solid",1500,"chr3",3,1.05795296235093
"SPECTRUM-OV-051","Solid",1500,"chr4",4,0.996155541203866
"SPECTRUM-OV-051","Solid",1500,"chr5",5,0.982382529828857
"SPECTRUM-OV-051","Solid",1500,"chr6",6,0.945259133993135
"SPECTRUM-OV-051","Solid",1500,"chr7",7,1.0245597637929
"SPECTRUM-OV-051","Solid",1500,"chr8",8,1.00976827218117
"SPECTRUM-OV-051","Solid",1500,"chr9",9,0.997933278304626
"SPECTRUM-OV-051","Solid",1500,"chr10",10,0.96502207159257
"SPECTRUM-OV-051","Solid",1500,"chr11",11,0.997586076597391
"SPECTRUM-OV-051","Solid",1500,"chr12",12,1.08872102869274
"SPECTRUM-OV-051","Solid",1500,"chr13",13,0.975179361553544
"SPECTRUM-OV-051","Solid",1500,"chr14",14,0.979344183859183
"SPECTRUM-OV-051","Solid",1500,"chr15",15,0.979648275084008
"SPECTRUM-OV-051","Solid",1500,"chr16",16,0.99099442412951
"SPECTRUM-OV-051","Solid",1500,"chr17",17,1.00404662675646
"SPECTRUM-OV-051","Solid",1500,"chr18",18,1.01643944594652
"SPECTRUM-OV-051","Solid",1500,"chr19",19,1.05926155579575
"SPECTRUM-OV-051","Solid",1500,"chr20",20,1.13788834824497
"SPECTRUM-OV-051","Solid",1500,"chr21",21,0.986326826634894
"SPECTRUM-OV-051","Solid",1500,"chr22",22,0.879748347671202
"SPECTRUM-OV-051","Ascites",1,"chr1",1,1.00194668673113
"SPECTRUM-OV-051","Ascites",1,"chr2",2,1.00194668673113
"SPECTRUM-OV-051","Ascites",1,"chr3",3,1.01094759154038
"SPECTRUM-OV-051","Ascites",1,"chr4",4,1.00194668673113
"SPECTRUM-OV-051","Ascites",1,"chr5",5,1.01729892353597
"SPECTRUM-OV-051","Ascites",1,"chr6",6,1.08463989707351
"SPECTRUM-OV-051","Ascites",1,"chr7",7,1.00194668673113
"SPECTRUM-OV-051","Ascites",1,"chr8",8,1.00194668673113
"SPECTRUM-OV-051","Ascites",1,"chr9",9,1.00194668673113
"SPECTRUM-OV-051","Ascites",1,"chr10",10,1.00194668673113
"SPECTRUM-OV-051","Ascites",1,"chr11",11,1.00194668673113
"SPECTRUM-OV-051","Ascites",1,"chr12",12,0.985189466856193
"SPECTRUM-OV-051","Ascites",1,"chr13",13,1.00194668673113
"SPECTRUM-OV-051","Ascites",1,"chr14",14,1.00194668673113
"SPECTRUM-OV-051","Ascites",1,"chr15",15,1.00194668673113
"SPECTRUM-OV-051","Ascites",1,"chr16",16,1.00194668673113
"SPECTRUM-OV-051","Ascites",1,"chr17",17,1.00558946693007
"SPECTRUM-OV-051","Ascites",1,"chr18",18,1.00194668673113
"SPECTRUM-OV-051","Ascites",1,"chr19",19,1.00194668673113
"SPECTRUM-OV-051","Ascites",1,"chr20",20,1.00194668673113
"SPECTRUM-OV-051","Ascites",1,"chr21",21,1.00194668673113
"SPECTRUM-OV-051","Ascites",1,"chr22",22,1.00194668673113
"SPECTRUM-OV-054","Solid",56,"chr1",1,1.01450950334121
"SPECTRUM-OV-054","Solid",56,"chr2",2,1.01061256820823
"SPECTRUM-OV-054","Solid",56,"chr3",3,1.084409539519
"SPECTRUM-OV-054","Solid",56,"chr4",4,0.964004852954855
"SPECTRUM-OV-054","Solid",56,"chr5",5,0.985375073689092
"SPECTRUM-OV-054","Solid",56,"chr6",6,0.947038345652315
"SPECTRUM-OV-054","Solid",56,"chr7",7,0.994054275485283
"SPECTRUM-OV-054","Solid",56,"chr8",8,1.04954056649617
"SPECTRUM-OV-054","Solid",56,"chr9",9,0.975945431312022
"SPECTRUM-OV-054","Solid",56,"chr10",10,0.970770829364024
"SPECTRUM-OV-054","Solid",56,"chr11",11,1.00868678414915
"SPECTRUM-OV-054","Solid",56,"chr12",12,1.06451572796697
"SPECTRUM-OV-054","Solid",56,"chr13",13,0.947307025632369
"SPECTRUM-OV-054","Solid",56,"chr14",14,1.03212289237098
"SPECTRUM-OV-054","Solid",56,"chr15",15,0.995484846110174
"SPECTRUM-OV-054","Solid",56,"chr16",16,1.01453166203017
"SPECTRUM-OV-054","Solid",56,"chr17",17,0.966044099386395
"SPECTRUM-OV-054","Solid",56,"chr18",18,0.99507997903797
"SPECTRUM-OV-054","Solid",56,"chr19",19,1.10401772861191
"SPECTRUM-OV-054","Solid",56,"chr20",20,1.13668074311892
"SPECTRUM-OV-054","Solid",56,"chr21",21,1.04939244215782
"SPECTRUM-OV-054","Solid",56,"chr22",22,0.882038439635518
"SPECTRUM-OV-054","Ascites",1,"chr1",1,1.01152274790554
"SPECTRUM-OV-054","Ascites",1,"chr2",2,1.00194668673113
"SPECTRUM-OV-054","Ascites",1,"chr3",3,1.05691410788441
"SPECTRUM-OV-054","Ascites",1,"chr4",4,0.933625316507601
"SPECTRUM-OV-054","Ascites",1,"chr5",5,0.987686596645997
"SPECTRUM-OV-054","Ascites",1,"chr6",6,0.922076849899485
"SPECTRUM-OV-054","Ascites",1,"chr7",7,0.98979909352192
"SPECTRUM-OV-054","Ascites",1,"chr8",8,1.05945067455123
"SPECTRUM-OV-054","Ascites",1,"chr9",9,0.988076205060387
"SPECTRUM-OV-054","Ascites",1,"chr10",10,0.947644946821601
"SPECTRUM-OV-054","Ascites",1,"chr11",11,0.989259285753661
"SPECTRUM-OV-054","Ascites",1,"chr12",12,1.04592709056729
"SPECTRUM-OV-054","Ascites",1,"chr13",13,0.938957641276432
"SPECTRUM-OV-054","Ascites",1,"chr14",14,0.986929934914537
"SPECTRUM-OV-054","Ascites",1,"chr15",15,1.00194668673113
"SPECTRUM-OV-054","Ascites",1,"chr16",16,0.973592835566019
"SPECTRUM-OV-054","Ascites",1,"chr17",17,0.99756257439771
"SPECTRUM-OV-054","Ascites",1,"chr18",18,1.00194668673113
"SPECTRUM-OV-054","Ascites",1,"chr19",19,1.0741835418731
"SPECTRUM-OV-054","Ascites",1,"chr20",20,1.17457567631932
"SPECTRUM-OV-054","Ascites",1,"chr21",21,1.00194668673113
"SPECTRUM-OV-054","Ascites",1,"chr22",22,0.818044319972712
"SPECTRUM-OV-065","Solid",1500,"chr1",1,1.00765379774169
"SPECTRUM-OV-065","Solid",1500,"chr2",2,1.02410167048306
"SPECTRUM-OV-065","Solid",1500,"chr3",3,1.02548354954552
"SPECTRUM-OV-065","Solid",1500,"chr4",4,0.962215630610704
"SPECTRUM-OV-065","Solid",1500,"chr5",5,0.944235973030029
"SPECTRUM-OV-065","Solid",1500,"chr6",6,0.86770065705687
"SPECTRUM-OV-065","Solid",1500,"chr7",7,0.995114199000942
"SPECTRUM-OV-065","Solid",1500,"chr8",8,1.02634049692872
"SPECTRUM-OV-065","Solid",1500,"chr9",9,0.993301313921873
"SPECTRUM-OV-065","Solid",1500,"chr10",10,0.96671829897425
"SPECTRUM-OV-065","Solid",1500,"chr11",11,1.03345376454593
"SPECTRUM-OV-065","Solid",1500,"chr12",12,1.11378670181906
"SPECTRUM-OV-065","Solid",1500,"chr13",13,0.98131557661541
"SPECTRUM-OV-065","Solid",1500,"chr14",14,1.04899260853713
"SPECTRUM-OV-065","Solid",1500,"chr15",15,1.03112235962703
"SPECTRUM-OV-065","Solid",1500,"chr16",16,1.0338882327245
"SPECTRUM-OV-065","Solid",1500,"chr17",17,0.985306936697657
"SPECTRUM-OV-065","Solid",1500,"chr18",18,1.00830150010268
"SPECTRUM-OV-065","Solid",1500,"chr19",19,1.02153244814916
"SPECTRUM-OV-065","Solid",1500,"chr20",20,1.1309968164051
"SPECTRUM-OV-065","Solid",1500,"chr21",21,1.00766853166076
"SPECTRUM-OV-065","Solid",1500,"chr22",22,0.899545625676475
"SPECTRUM-OV-065","Ascites",883,"chr1",1,1.02104711430835
"SPECTRUM-OV-065","Ascites",883,"chr2",2,1.01977415452683
"SPECTRUM-OV-065","Ascites",883,"chr3",3,1.05010387786173
"SPECTRUM-OV-065","Ascites",883,"chr4",4,0.996043337769792
"SPECTRUM-OV-065","Ascites",883,"chr5",5,0.957213447931835
"SPECTRUM-OV-065","Ascites",883,"chr6",6,0.904814063646982
"SPECTRUM-OV-065","Ascites",883,"chr7",7,1.03822340256361
"SPECTRUM-OV-065","Ascites",883,"chr8",8,1.02320910009881
"SPECTRUM-OV-065","Ascites",883,"chr9",9,1.00042628039909
"SPECTRUM-OV-065","Ascites",883,"chr10",10,0.974255292484692
"SPECTRUM-OV-065","Ascites",883,"chr11",11,0.972763468094713
"SPECTRUM-OV-065","Ascites",883,"chr12",12,1.11280629940304
"SPECTRUM-OV-065","Ascites",883,"chr13",13,1.02782723544897
"SPECTRUM-OV-065","Ascites",883,"chr14",14,1.00285021804721
"SPECTRUM-OV-065","Ascites",883,"chr15",15,1.01521403739867
"SPECTRUM-OV-065","Ascites",883,"chr16",16,1.02440036655327
"SPECTRUM-OV-065","Ascites",883,"chr17",17,0.972384355343734
"SPECTRUM-OV-065","Ascites",883,"chr18",18,1.01683341365598
"SPECTRUM-OV-065","Ascites",883,"chr19",19,1.04101397881096
"SPECTRUM-OV-065","Ascites",883,"chr20",20,1.11093891360378
"SPECTRUM-OV-065","Ascites",883,"chr21",21,0.980158169100698
"SPECTRUM-OV-065","Ascites",883,"chr22",22,0.920944311237827
"SPECTRUM-OV-068","Solid",1500,"chr1",1,1.00939069202924
"SPECTRUM-OV-068","Solid",1500,"chr2",2,1.02012139486876
"SPECTRUM-OV-068","Solid",1500,"chr3",3,1.01415263092584
"SPECTRUM-OV-068","Solid",1500,"chr4",4,1.00691643807669
"SPECTRUM-OV-068","Solid",1500,"chr5",5,0.97077601582463
"SPECTRUM-OV-068","Solid",1500,"chr6",6,0.967513527136777
"SPECTRUM-OV-068","Solid",1500,"chr7",7,1.11832492032001
"SPECTRUM-OV-068","Solid",1500,"chr8",8,1.03502021300423
"SPECTRUM-OV-068","Solid",1500,"chr9",9,0.979369606047133
"SPECTRUM-OV-068","Solid",1500,"chr10",10,0.981829574451242
"SPECTRUM-OV-068","Solid",1500,"chr11",11,1.00538644502484
"SPECTRUM-OV-068","Solid",1500,"chr12",12,1.04056898333742
"SPECTRUM-OV-068","Solid",1500,"chr13",13,0.976704636785963
"SPECTRUM-OV-068","Solid",1500,"chr14",14,1.0020835766731
"SPECTRUM-OV-068","Solid",1500,"chr15",15,1.00383554946921
"SPECTRUM-OV-068","Solid",1500,"chr16",16,1.07522380438285
"SPECTRUM-OV-068","Solid",1500,"chr17",17,0.959466808766207
"SPECTRUM-OV-068","Solid",1500,"chr18",18,0.974487336633629
"SPECTRUM-OV-068","Solid",1500,"chr19",19,1.03578487919533
"SPECTRUM-OV-068","Solid",1500,"chr20",20,1.01961225400119
"SPECTRUM-OV-068","Solid",1500,"chr21",21,0.974671630330894
"SPECTRUM-OV-068","Solid",1500,"chr22",22,0.964521529414532
"SPECTRUM-OV-068","Ascites",1,"chr1",1,1.01113467495062
"SPECTRUM-OV-068","Ascites",1,"chr2",2,1.04847101512056
"SPECTRUM-OV-068","Ascites",1,"chr3",3,1.01201605420473
"SPECTRUM-OV-068","Ascites",1,"chr4",4,1.00194668673113
"SPECTRUM-OV-068","Ascites",1,"chr5",5,0.943381005821787
"SPECTRUM-OV-068","Ascites",1,"chr6",6,0.920563121182406
"SPECTRUM-OV-068","Ascites",1,"chr7",7,1.14380527319429
"SPECTRUM-OV-068","Ascites",1,"chr8",8,1.09857848101
"SPECTRUM-OV-068","Ascites",1,"chr9",9,0.94782683455483
"SPECTRUM-OV-068","Ascites",1,"chr10",10,1.00194668673113
"SPECTRUM-OV-068","Ascites",1,"chr11",11,1.00194668673113
"SPECTRUM-OV-068","Ascites",1,"chr12",12,1.04134996976605
"SPECTRUM-OV-068","Ascites",1,"chr13",13,1.00194668673113
"SPECTRUM-OV-068","Ascites",1,"chr14",14,0.955296848044832
"SPECTRUM-OV-068","Ascites",1,"chr15",15,1.02579648082197
"SPECTRUM-OV-068","Ascites",1,"chr16",16,1.2085231975673
"SPECTRUM-OV-068","Ascites",1,"chr17",17,0.968759408605394
"SPECTRUM-OV-068","Ascites",1,"chr18",18,1.00194668673113
"SPECTRUM-OV-068","Ascites",1,"chr19",19,0.985030557976796
"SPECTRUM-OV-068","Ascites",1,"chr20",20,1.06890982894442
"SPECTRUM-OV-068","Ascites",1,"chr21",21,1.00194668673113
"SPECTRUM-OV-068","Ascites",1,"chr22",22,1.00194668673113
"SPECTRUM-OV-071","Solid",1500,"chr1",1,1.03409306184772
"SPECTRUM-OV-071","Solid",1500,"chr2",2,1.00342606761307
"SPECTRUM-OV-071","Solid",1500,"chr3",3,1.02497192809359
"SPECTRUM-OV-071","Solid",1500,"chr4",4,0.998103022576397
"SPECTRUM-OV-071","Solid",1500,"chr5",5,1.00397305382356
"SPECTRUM-OV-071","Solid",1500,"chr6",6,0.934205384301999
"SPECTRUM-OV-071","Solid",1500,"chr7",7,1.00072907646063
"SPECTRUM-OV-071","Solid",1500,"chr8",8,1.01305102016765
"SPECTRUM-OV-071","Solid",1500,"chr9",9,1.00163812036744
"SPECTRUM-OV-071","Solid",1500,"chr10",10,0.966859785656015
"SPECTRUM-OV-071","Solid",1500,"chr11",11,0.995204777314447
"SPECTRUM-OV-071","Solid",1500,"chr12",12,1.00682022222977
"SPECTRUM-OV-071","Solid",1500,"chr13",13,0.972785371551747
"SPECTRUM-OV-071","Solid",1500,"chr14",14,1.01347658145092
"SPECTRUM-OV-071","Solid",1500,"chr15",15,1.00784176448716
"SPECTRUM-OV-071","Solid",1500,"chr16",16,1.01412579468517
"SPECTRUM-OV-071","Solid",1500,"chr17",17,0.985655120606787
"SPECTRUM-OV-071","Solid",1500,"chr18",18,1.01527764861523
"SPECTRUM-OV-071","Solid",1500,"chr19",19,1.03700121405563
"SPECTRUM-OV-071","Solid",1500,"chr20",20,1.09360541144941
"SPECTRUM-OV-071","Solid",1500,"chr21",21,0.989542732230389
"SPECTRUM-OV-071","Solid",1500,"chr22",22,0.942194744957155
"SPECTRUM-OV-071","Ascites",1482,"chr1",1,1.03852641170994
"SPECTRUM-OV-071","Ascites",1482,"chr2",2,1.00425667567082
"SPECTRUM-OV-071","Ascites",1482,"chr3",3,1.04315878974557
"SPECTRUM-OV-071","Ascites",1482,"chr4",4,0.993615468851412
"SPECTRUM-OV-071","Ascites",1482,"chr5",5,0.998796826869414
"SPECTRUM-OV-071","Ascites",1482,"chr6",6,0.930569519612331
"SPECTRUM-OV-071","Ascites",1482,"chr7",7,1.00737693712145
"SPECTRUM-OV-071","Ascites",1482,"chr8",8,1.01195434815814
"SPECTRUM-OV-071","Ascites",1482,"chr9",9,1.00254689101659
"SPECTRUM-OV-071","Ascites",1482,"chr10",10,0.962868603486846
"SPECTRUM-OV-071","Ascites",1482,"chr11",11,0.99182668535644
"SPECTRUM-OV-071","Ascites",1482,"chr12",12,1.00900559374486
"SPECTRUM-OV-071","Ascites",1482,"chr13",13,0.980654418723995
"SPECTRUM-OV-071","Ascites",1482,"chr14",14,0.986642491626125
"SPECTRUM-OV-071","Ascites",1482,"chr15",15,1.01848261055155
"SPECTRUM-OV-071","Ascites",1482,"chr16",16,1.01999530966721
"SPECTRUM-OV-071","Ascites",1482,"chr17",17,0.996174462883916
"SPECTRUM-OV-071","Ascites",1482,"chr18",18,1.03362949995173
"SPECTRUM-OV-071","Ascites",1482,"chr19",19,1.02228284223114
"SPECTRUM-OV-071","Ascites",1482,"chr20",20,1.1184281974553
"SPECTRUM-OV-071","Ascites",1482,"chr21",21,0.997137716771167
"SPECTRUM-OV-071","Ascites",1482,"chr22",22,0.960505188976806
"SPECTRUM-OV-075","Solid",1500,"chr1",1,1.01075719305736
"SPECTRUM-OV-075","Solid",1500,"chr2",2,1.00513939753825
"SPECTRUM-OV-075","Solid",1500,"chr3",3,1.07962800464706
"SPECTRUM-OV-075","Solid",1500,"chr4",4,0.992620414984841
"SPECTRUM-OV-075","Solid",1500,"chr5",5,0.982042216563505
"SPECTRUM-OV-075","Solid",1500,"chr6",6,0.907029507955552
"SPECTRUM-OV-075","Solid",1500,"chr7",7,1.0056940835193
"SPECTRUM-OV-075","Solid",1500,"chr8",8,1.09350245639876
"SPECTRUM-OV-075","Solid",1500,"chr9",9,1.10216287410168
"SPECTRUM-OV-075","Solid",1500,"chr10",10,0.98129020472479
"SPECTRUM-OV-075","Solid",1500,"chr11",11,1.01728385739517
"SPECTRUM-OV-075","Solid",1500,"chr12",12,0.992559343036456
"SPECTRUM-OV-075","Solid",1500,"chr13",13,1.03210173981036
"SPECTRUM-OV-075","Solid",1500,"chr14",14,0.979011641057239
"SPECTRUM-OV-075","Solid",1500,"chr15",15,0.968871875001172
"SPECTRUM-OV-075","Solid",1500,"chr16",16,1.01650676805281
"SPECTRUM-OV-075","Solid",1500,"chr17",17,0.949417072739383
"SPECTRUM-OV-075","Solid",1500,"chr18",18,0.974129442242195
"SPECTRUM-OV-075","Solid",1500,"chr19",19,1.06985334619302
"SPECTRUM-OV-075","Solid",1500,"chr20",20,1.08697808462437
"SPECTRUM-OV-075","Solid",1500,"chr21",21,0.993324965743446
"SPECTRUM-OV-075","Solid",1500,"chr22",22,0.974184456601981
"SPECTRUM-OV-075","Ascites",1500,"chr1",1,1.01593930173381
"SPECTRUM-OV-075","Ascites",1500,"chr2",2,1.00462208883231
"SPECTRUM-OV-075","Ascites",1500,"chr3",3,1.0673877778186
"SPECTRUM-OV-075","Ascites",1500,"chr4",4,0.994905687471305
"SPECTRUM-OV-075","Ascites",1500,"chr5",5,0.966604914347348
"SPECTRUM-OV-075","Ascites",1500,"chr6",6,0.882976566000137
"SPECTRUM-OV-075","Ascites",1500,"chr7",7,1.02265078770022
"SPECTRUM-OV-075","Ascites",1500,"chr8",8,1.06687183456125
"SPECTRUM-OV-075","Ascites",1500,"chr9",9,1.09193550484214
"SPECTRUM-OV-075","Ascites",1500,"chr10",10,0.976101308908553
"SPECTRUM-OV-075","Ascites",1500,"chr11",11,1.01432595485194
"SPECTRUM-OV-075","Ascites",1500,"chr12",12,0.980929168750732
"SPECTRUM-OV-075","Ascites",1500,"chr13",13,1.05883823995137
"SPECTRUM-OV-075","Ascites",1500,"chr14",14,0.95382719666257
"SPECTRUM-OV-075","Ascites",1500,"chr15",15,0.989931241652726
"SPECTRUM-OV-075","Ascites",1500,"chr16",16,1.04084144889361
"SPECTRUM-OV-075","Ascites",1500,"chr17",17,0.959103742664977
"SPECTRUM-OV-075","Ascites",1500,"chr18",18,0.976830126777087
"SPECTRUM-OV-075","Ascites",1500,"chr19",19,1.04873065012314
"SPECTRUM-OV-075","Ascites",1500,"chr20",20,1.11973148152366
"SPECTRUM-OV-075","Ascites",1500,"chr21",21,0.978257898676144
"SPECTRUM-OV-075","Ascites",1500,"chr22",22,0.962144361003311
"SPECTRUM-OV-077","Solid",1138,"chr1",1,1.00586743760315
"SPECTRUM-OV-077","Solid",1138,"chr2",2,1.01250136016659
"SPECTRUM-OV-077","Solid",1138,"chr3",3,1.01659329809491
"SPECTRUM-OV-077","Solid",1138,"chr4",4,1.00499049036579
"SPECTRUM-OV-077","Solid",1138,"chr5",5,0.991853495027421
"SPECTRUM-OV-077","Solid",1138,"chr6",6,0.926952098824183
"SPECTRUM-OV-077","Solid",1138,"chr7",7,0.996692844696992
"SPECTRUM-OV-077","Solid",1138,"chr8",8,1.09863994683792
"SPECTRUM-OV-077","Solid",1138,"chr9",9,1.07151711979391
"SPECTRUM-OV-077","Solid",1138,"chr10",10,0.993798836602303
"SPECTRUM-OV-077","Solid",1138,"chr11",11,1.02553813331579
"SPECTRUM-OV-077","Solid",1138,"chr12",12,0.998241294543915
"SPECTRUM-OV-077","Solid",1138,"chr13",13,0.957896063714958
"SPECTRUM-OV-077","Solid",1138,"chr14",14,0.978182519025189
"SPECTRUM-OV-077","Solid",1138,"chr15",15,0.995656242096223
"SPECTRUM-OV-077","Solid",1138,"chr16",16,1.04562675536813
"SPECTRUM-OV-077","Solid",1138,"chr17",17,0.998283354431569
"SPECTRUM-OV-077","Solid",1138,"chr18",18,0.996749693353159
"SPECTRUM-OV-077","Solid",1138,"chr19",19,1.0021518256101
"SPECTRUM-OV-077","Solid",1138,"chr20",20,1.01073123207747
"SPECTRUM-OV-077","Solid",1138,"chr21",21,1.02484351267697
"SPECTRUM-OV-077","Solid",1138,"chr22",22,0.990761349257543
"SPECTRUM-OV-077","Ascites",19,"chr1",1,1.00887013636147
"SPECTRUM-OV-077","Ascites",19,"chr2",2,1.01287140651471
"SPECTRUM-OV-077","Ascites",19,"chr3",3,1.01218529902553
"SPECTRUM-OV-077","Ascites",19,"chr4",4,1.00442044850088
"SPECTRUM-OV-077","Ascites",19,"chr5",5,1.00603012320444
"SPECTRUM-OV-077","Ascites",19,"chr6",6,0.935557110830839
"SPECTRUM-OV-077","Ascites",19,"chr7",7,1.00762030088558
"SPECTRUM-OV-077","Ascites",19,"chr8",8,1.1025989397027
"SPECTRUM-OV-077","Ascites",19,"chr9",9,1.05730632238561
"SPECTRUM-OV-077","Ascites",19,"chr10",10,0.990540192488363
"SPECTRUM-OV-077","Ascites",19,"chr11",11,1.01691534916097
"SPECTRUM-OV-077","Ascites",19,"chr12",12,0.991656351958807
"SPECTRUM-OV-077","Ascites",19,"chr13",13,0.954919868853558
"SPECTRUM-OV-077","Ascites",19,"chr14",14,0.976718156802288
"SPECTRUM-OV-077","Ascites",19,"chr15",15,0.987956159253821
"SPECTRUM-OV-077","Ascites",19,"chr16",16,1.03795213212499
"SPECTRUM-OV-077","Ascites",19,"chr17",17,1.00055531176604
"SPECTRUM-OV-077","Ascites",19,"chr18",18,0.995117219732574
"SPECTRUM-OV-077","Ascites",19,"chr19",19,0.994515109907994
"SPECTRUM-OV-077","Ascites",19,"chr20",20,1.01207999087639
"SPECTRUM-OV-077","Ascites",19,"chr21",21,1.02935977806945
"SPECTRUM-OV-077","Ascites",19,"chr22",22,0.983418111015649
"SPECTRUM-OV-080","Solid",306,"chr1",1,1.0032647774592
"SPECTRUM-OV-080","Solid",306,"chr2",2,0.991597665952403
"SPECTRUM-OV-080","Solid",306,"chr3",3,1.08132437246639
"SPECTRUM-OV-080","Solid",306,"chr4",4,1.02295238545681
"SPECTRUM-OV-080","Solid",306,"chr5",5,0.970677168871261
"SPECTRUM-OV-080","Solid",306,"chr6",6,0.968812527120838
"SPECTRUM-OV-080","Solid",306,"chr7",7,0.99521079378693
"SPECTRUM-OV-080","Solid",306,"chr8",8,1.00941650795455
"SPECTRUM-OV-080","Solid",306,"chr9",9,1.02359916578418
"SPECTRUM-OV-080","Solid",306,"chr10",10,0.993008774476231
"SPECTRUM-OV-080","Solid",306,"chr11",11,1.00283532139057
"SPECTRUM-OV-080","Solid",306,"chr12",12,1.00275196550592
"SPECTRUM-OV-080","Solid",306,"chr13",13,1.03393432090756
"SPECTRUM-OV-080","Solid",306,"chr14",14,1.04069154691856
"SPECTRUM-OV-080","Solid",306,"chr15",15,1.01126251362207
"SPECTRUM-OV-080","Solid",306,"chr16",16,1.00415422274033
"SPECTRUM-OV-080","Solid",306,"chr17",17,0.978152673130778
"SPECTRUM-OV-080","Solid",306,"chr18",18,0.997183856592918
"SPECTRUM-OV-080","Solid",306,"chr19",19,0.989545185731786
"SPECTRUM-OV-080","Solid",306,"chr20",20,1.01017924808508
"SPECTRUM-OV-080","Solid",306,"chr21",21,1.07879157820745
"SPECTRUM-OV-080","Solid",306,"chr22",22,0.930563774810666
"SPECTRUM-OV-080","Ascites",1500,"chr1",1,1.01250270932647
"SPECTRUM-OV-080","Ascites",1500,"chr2",2,1.00080653165417
"SPECTRUM-OV-080","Ascites",1500,"chr3",3,1.03942908757976
"SPECTRUM-OV-080","Ascites",1500,"chr4",4,1.00227602350298
"SPECTRUM-OV-080","Ascites",1500,"chr5",5,0.971640406028341
"SPECTRUM-OV-080","Ascites",1500,"chr6",6,0.848857828918224
"SPECTRUM-OV-080","Ascites",1500,"chr7",7,1.0128752143061
"SPECTRUM-OV-080","Ascites",1500,"chr8",8,1.06408267813332
"SPECTRUM-OV-080","Ascites",1500,"chr9",9,1.06154049841739
"SPECTRUM-OV-080","Ascites",1500,"chr10",10,0.983299905686618
"SPECTRUM-OV-080","Ascites",1500,"chr11",11,1.01675483429194
"SPECTRUM-OV-080","Ascites",1500,"chr12",12,1.02974276966645
"SPECTRUM-OV-080","Ascites",1500,"chr13",13,0.98873785458211
"SPECTRUM-OV-080","Ascites",1500,"chr14",14,0.969866444139301
"SPECTRUM-OV-080","Ascites",1500,"chr15",15,0.997966355334762
"SPECTRUM-OV-080","Ascites",1500,"chr16",16,1.026178583833
"SPECTRUM-OV-080","Ascites",1500,"chr17",17,0.972735785369711
"SPECTRUM-OV-080","Ascites",1500,"chr18",18,1.01017279145406
"SPECTRUM-OV-080","Ascites",1500,"chr19",19,1.02225749065893
"SPECTRUM-OV-080","Ascites",1500,"chr20",20,1.10031260638052
"SPECTRUM-OV-080","Ascites",1500,"chr21",21,0.99913044478791
"SPECTRUM-OV-080","Ascites",1500,"chr22",22,0.945344217245467
"SPECTRUM-OV-083","Solid",1500,"chr1",1,1.00618792902244
"SPECTRUM-OV-083","Solid",1500,"chr2",2,1.05975444164728
"SPECTRUM-OV-083","Solid",1500,"chr3",3,1.00716083883865
"SPECTRUM-OV-083","Solid",1500,"chr4",4,1.01207636712359
"SPECTRUM-OV-083","Solid",1500,"chr5",5,0.993629196628876
"SPECTRUM-OV-083","Solid",1500,"chr6",6,0.913876597067024
"SPECTRUM-OV-083","Solid",1500,"chr7",7,1.02413588064004
"SPECTRUM-OV-083","Solid",1500,"chr8",8,1.01183247056803
"SPECTRUM-OV-083","Solid",1500,"chr9",9,1.06516460133739
"SPECTRUM-OV-083","Solid",1500,"chr10",10,0.979575236701805
"SPECTRUM-OV-083","Solid",1500,"chr11",11,1.00399145580511
"SPECTRUM-OV-083","Solid",1500,"chr12",12,1.0667960759715
"SPECTRUM-OV-083","Solid",1500,"chr13",13,0.962741579860432
"SPECTRUM-OV-083","Solid",1500,"chr14",14,0.993835284748591
"SPECTRUM-OV-083","Solid",1500,"chr15",15,0.985505057242429
"SPECTRUM-OV-083","Solid",1500,"chr16",16,0.946523641926591
"SPECTRUM-OV-083","Solid",1500,"chr17",17,0.97738627319219
"SPECTRUM-OV-083","Solid",1500,"chr18",18,1.02026359392726
"SPECTRUM-OV-083","Solid",1500,"chr19",19,1.00684852802054
"SPECTRUM-OV-083","Solid",1500,"chr20",20,1.02709039242938
"SPECTRUM-OV-083","Solid",1500,"chr21",21,1.01508774137876
"SPECTRUM-OV-083","Solid",1500,"chr22",22,0.843855844793728
"SPECTRUM-OV-083","Ascites",15,"chr1",1,1.00668912487826
"SPECTRUM-OV-083","Ascites",15,"chr2",2,1.03812914811323
"SPECTRUM-OV-083","Ascites",15,"chr3",3,1.01203854255309
"SPECTRUM-OV-083","Ascites",15,"chr4",4,1.01438252943227
"SPECTRUM-OV-083","Ascites",15,"chr5",5,0.992375425046987
"SPECTRUM-OV-083","Ascites",15,"chr6",6,0.948514067648732
"SPECTRUM-OV-083","Ascites",15,"chr7",7,1.02469927332869
"SPECTRUM-OV-083","Ascites",15,"chr8",8,1.01279511480601
"SPECTRUM-OV-083","Ascites",15,"chr9",9,1.04780990487045
"SPECTRUM-OV-083","Ascites",15,"chr10",10,0.985560307328083
"SPECTRUM-OV-083","Ascites",15,"chr11",11,0.998744847198627
"SPECTRUM-OV-083","Ascites",15,"chr12",12,1.04057924505316
"SPECTRUM-OV-083","Ascites",15,"chr13",13,0.978841968815144
"SPECTRUM-OV-083","Ascites",15,"chr14",14,0.985819207227548
"SPECTRUM-OV-083","Ascites",15,"chr15",15,0.994788981717948
"SPECTRUM-OV-083","Ascites",15,"chr16",16,0.959046550096187
"SPECTRUM-OV-083","Ascites",15,"chr17",17,0.987303066640147
"SPECTRUM-OV-083","Ascites",15,"chr18",18,1.02378656381436
"SPECTRUM-OV-083","Ascites",15,"chr19",19,1.00770470827406
"SPECTRUM-OV-083","Ascites",15,"chr20",20,1.04748699570622
"SPECTRUM-OV-083","Ascites",15,"chr21",21,1.00273914500486
"SPECTRUM-OV-083","Ascites",15,"chr22",22,0.891322144540583
"SPECTRUM-OV-105","Solid",1500,"chr1",1,1.02679139825001
"SPECTRUM-OV-105","Solid",1500,"chr2",2,1.0033192324558
"SPECTRUM-OV-105","Solid",1500,"chr3",3,1.04277708924465
"SPECTRUM-OV-105","Solid",1500,"chr4",4,0.965895965036985
"SPECTRUM-OV-105","Solid",1500,"chr5",5,0.989065997521755
"SPECTRUM-OV-105","Solid",1500,"chr6",6,1.04419658574517
"SPECTRUM-OV-105","Solid",1500,"chr7",7,1.00218621978534
"SPECTRUM-OV-105","Solid",1500,"chr8",8,1.06500353180977
"SPECTRUM-OV-105","Solid",1500,"chr9",9,0.987344081134532
"SPECTRUM-OV-105","Solid",1500,"chr10",10,0.955369481002088
"SPECTRUM-OV-105","Solid",1500,"chr11",11,1.01530938542646
"SPECTRUM-OV-105","Solid",1500,"chr12",12,1.00862954520938
"SPECTRUM-OV-105","Solid",1500,"chr13",13,0.968584155207847
"SPECTRUM-OV-105","Solid",1500,"chr14",14,0.992491290829437
"SPECTRUM-OV-105","Solid",1500,"chr15",15,0.992474994536002
"SPECTRUM-OV-105","Solid",1500,"chr16",16,1.03993246731797
"SPECTRUM-OV-105","Solid",1500,"chr17",17,0.978879452753189
"SPECTRUM-OV-105","Solid",1500,"chr18",18,1.04879320024888
"SPECTRUM-OV-105","Solid",1500,"chr19",19,1.07095989924936
"SPECTRUM-OV-105","Solid",1500,"chr20",20,1.10332158266187
"SPECTRUM-OV-105","Solid",1500,"chr21",21,1.06548164569648
"SPECTRUM-OV-105","Solid",1500,"chr22",22,0.895707162397851
"SPECTRUM-OV-105","Ascites",106,"chr1",1,1.02829879371683
"SPECTRUM-OV-105","Ascites",106,"chr2",2,1.00538756098024
"SPECTRUM-OV-105","Ascites",106,"chr3",3,1.04801444497058
"SPECTRUM-OV-105","Ascites",106,"chr4",4,0.935046474689527
"SPECTRUM-OV-105","Ascites",106,"chr5",5,0.974095576619257
"SPECTRUM-OV-105","Ascites",106,"chr6",6,1.00647920476634
"SPECTRUM-OV-105","Ascites",106,"chr7",7,0.998406517096309
"SPECTRUM-OV-105","Ascites",106,"chr8",8,1.04438970727204
"SPECTRUM-OV-105","Ascites",106,"chr9",9,0.99279810104668
"SPECTRUM-OV-105","Ascites",106,"chr10",10,0.963080133323872
"SPECTRUM-OV-105","Ascites",106,"chr11",11,1.00994222186968
"SPECTRUM-OV-105","Ascites",106,"chr12",12,1.00673244382075
"SPECTRUM-OV-105","Ascites",106,"chr13",13,0.970314167815329
"SPECTRUM-OV-105","Ascites",106,"chr14",14,0.981317369597754
"SPECTRUM-OV-105","Ascites",106,"chr15",15,1.00223512618559
"SPECTRUM-OV-105","Ascites",106,"chr16",16,1.0620565584946
"SPECTRUM-OV-105","Ascites",106,"chr17",17,0.990674145370406
"SPECTRUM-OV-105","Ascites",106,"chr18",18,1.03523590181401
"SPECTRUM-OV-105","Ascites",106,"chr19",19,1.05221482941484
"SPECTRUM-OV-105","Ascites",106,"chr20",20,1.12379731907401
"SPECTRUM-OV-105","Ascites",106,"chr21",21,1.08485958662656
"SPECTRUM-OV-105","Ascites",106,"chr22",22,0.877404463550661
"SPECTRUM-OV-107","Solid",1500,"chr1",1,1.01657267980229
"SPECTRUM-OV-107","Solid",1500,"chr2",2,1.0137658291333
"SPECTRUM-OV-107","Solid",1500,"chr3",3,1.05800073921687
"SPECTRUM-OV-107","Solid",1500,"chr4",4,0.963738979681912
"SPECTRUM-OV-107","Solid",1500,"chr5",5,0.994632094866234
"SPECTRUM-OV-107","Solid",1500,"chr6",6,0.897540210392954
"SPECTRUM-OV-107","Solid",1500,"chr7",7,1.03248385796996
"SPECTRUM-OV-107","Solid",1500,"chr8",8,1.08387506612032
"SPECTRUM-OV-107","Solid",1500,"chr9",9,1.00201421360957
"SPECTRUM-OV-107","Solid",1500,"chr10",10,0.997083900196955
"SPECTRUM-OV-107","Solid",1500,"chr11",11,1.05790595189892
"SPECTRUM-OV-107","Solid",1500,"chr12",12,1.05995800240026
"SPECTRUM-OV-107","Solid",1500,"chr13",13,1.00835136786463
"SPECTRUM-OV-107","Solid",1500,"chr14",14,0.989025128051862
"SPECTRUM-OV-107","Solid",1500,"chr15",15,0.959595753025625
"SPECTRUM-OV-107","Solid",1500,"chr16",16,0.946274366987646
"SPECTRUM-OV-107","Solid",1500,"chr17",17,0.971960205563284
"SPECTRUM-OV-107","Solid",1500,"chr18",18,1.01231724639794
"SPECTRUM-OV-107","Solid",1500,"chr19",19,1.03146204426621
"SPECTRUM-OV-107","Solid",1500,"chr20",20,1.14793356823866
"SPECTRUM-OV-107","Solid",1500,"chr21",21,1.00210103772834
"SPECTRUM-OV-107","Solid",1500,"chr22",22,0.86192941839475
"SPECTRUM-OV-107","Ascites",1155,"chr1",1,1.04310092229346
"SPECTRUM-OV-107","Ascites",1155,"chr2",2,1.01167646560155
"SPECTRUM-OV-107","Ascites",1155,"chr3",3,1.02605420161046
"SPECTRUM-OV-107","Ascites",1155,"chr4",4,0.962166133290048
"SPECTRUM-OV-107","Ascites",1155,"chr5",5,0.984040200744186
"SPECTRUM-OV-107","Ascites",1155,"chr6",6,0.89339752011329
"SPECTRUM-OV-107","Ascites",1155,"chr7",7,1.06534739954959
"SPECTRUM-OV-107","Ascites",1155,"chr8",8,1.09911791581738
"SPECTRUM-OV-107","Ascites",1155,"chr9",9,1.00505260638203
"SPECTRUM-OV-107","Ascites",1155,"chr10",10,1.00329752616459
"SPECTRUM-OV-107","Ascites",1155,"chr11",11,1.05727300829517
"SPECTRUM-OV-107","Ascites",1155,"chr12",12,1.04252172251986
"SPECTRUM-OV-107","Ascites",1155,"chr13",13,1.00973105428814
"SPECTRUM-OV-107","Ascites",1155,"chr14",14,0.971696468124578
"SPECTRUM-OV-107","Ascites",1155,"chr15",15,0.988286185202415
"SPECTRUM-OV-107","Ascites",1155,"chr16",16,0.953021523794252
"SPECTRUM-OV-107","Ascites",1155,"chr17",17,0.973141702993234
"SPECTRUM-OV-107","Ascites",1155,"chr18",18,1.02978576470933
"SPECTRUM-OV-107","Ascites",1155,"chr19",19,0.990027220943713
"SPECTRUM-OV-107","Ascites",1155,"chr20",20,1.18128761026477
"SPECTRUM-OV-107","Ascites",1155,"chr21",21,1.00368756533328
"SPECTRUM-OV-107","Ascites",1155,"chr22",22,0.861689324156347
"SPECTRUM-OV-112","Solid",1500,"chr1",1,1.02288788481798
"SPECTRUM-OV-112","Solid",1500,"chr2",2,1.03272572430316
"SPECTRUM-OV-112","Solid",1500,"chr3",3,1.05818478664984
"SPECTRUM-OV-112","Solid",1500,"chr4",4,0.990189926696605
"SPECTRUM-OV-112","Solid",1500,"chr5",5,1.00291717954262
"SPECTRUM-OV-112","Solid",1500,"chr6",6,0.926464209316274
"SPECTRUM-OV-112","Solid",1500,"chr7",7,1.02458972265438
"SPECTRUM-OV-112","Solid",1500,"chr8",8,1.0325411519599
"SPECTRUM-OV-112","Solid",1500,"chr9",9,0.999966485885535
"SPECTRUM-OV-112","Solid",1500,"chr10",10,0.991818093235226
"SPECTRUM-OV-112","Solid",1500,"chr11",11,1.07503421963281
"SPECTRUM-OV-112","Solid",1500,"chr12",12,1.03395193924376
"SPECTRUM-OV-112","Solid",1500,"chr13",13,0.97362589201139
"SPECTRUM-OV-112","Solid",1500,"chr14",14,0.940748658898007
"SPECTRUM-OV-112","Solid",1500,"chr15",15,0.977875994100399
"SPECTRUM-OV-112","Solid",1500,"chr16",16,0.978599190455473
"SPECTRUM-OV-112","Solid",1500,"chr17",17,0.987185821354536
"SPECTRUM-OV-112","Solid",1500,"chr18",18,1.00116884978287
"SPECTRUM-OV-112","Solid",1500,"chr19",19,1.00853920953558
"SPECTRUM-OV-112","Solid",1500,"chr20",20,1.03434038653983
"SPECTRUM-OV-112","Solid",1500,"chr21",21,0.982631448018359
"SPECTRUM-OV-112","Solid",1500,"chr22",22,0.893785142264924
"SPECTRUM-OV-112","Ascites",3,"chr1",1,1.04633348389546
"SPECTRUM-OV-112","Ascites",3,"chr2",2,1.00659946064472
"SPECTRUM-OV-112","Ascites",3,"chr3",3,1.07457207926488
"SPECTRUM-OV-112","Ascites",3,"chr4",4,0.977416907081333
"SPECTRUM-OV-112","Ascites",3,"chr5",5,0.986952381124344
"SPECTRUM-OV-112","Ascites",3,"chr6",6,0.969987580376348
"SPECTRUM-OV-112","Ascites",3,"chr7",7,1.03508739361449
"SPECTRUM-OV-112","Ascites",3,"chr8",8,1.03369751407117
"SPECTRUM-OV-112","Ascites",3,"chr9",9,1.00194668673113
"SPECTRUM-OV-112","Ascites",3,"chr10",10,0.966839153926189
"SPECTRUM-OV-112","Ascites",3,"chr11",11,1.01922248592906
"SPECTRUM-OV-112","Ascites",3,"chr12",12,1.0507065702633
"SPECTRUM-OV-112","Ascites",3,"chr13",13,0.965365826436338
"SPECTRUM-OV-112","Ascites",3,"chr14",14,0.9686320718511
"SPECTRUM-OV-112","Ascites",3,"chr15",15,0.976010635857692
"SPECTRUM-OV-112","Ascites",3,"chr16",16,0.978311995181824
"SPECTRUM-OV-112","Ascites",3,"chr17",17,1.00194668673113
"SPECTRUM-OV-112","Ascites",3,"chr18",18,1.01302909177096
"SPECTRUM-OV-112","Ascites",3,"chr19",19,1.01245300669959
"SPECTRUM-OV-112","Ascites",3,"chr20",20,1.17717081398011
"SPECTRUM-OV-112","Ascites",3,"chr21",21,1.00194668673113
"SPECTRUM-OV-112","Ascites",3,"chr22",22,0.849831999506477
"SPECTRUM-OV-116","Solid",1500,"chr1",1,1.00659074942847
"SPECTRUM-OV-116","Solid",1500,"chr2",2,0.996720491917983
"SPECTRUM-OV-116","Solid",1500,"chr3",3,1.06814236469692
"SPECTRUM-OV-116","Solid",1500,"chr4",4,0.993143787038418
"SPECTRUM-OV-116","Solid",1500,"chr5",5,0.965201629721843
"SPECTRUM-OV-116","Solid",1500,"chr6",6,0.872014999638713
"SPECTRUM-OV-116","Solid",1500,"chr7",7,1.00004014899781
"SPECTRUM-OV-116","Solid",1500,"chr8",8,1.13971869088266
"SPECTRUM-OV-116","Solid",1500,"chr9",9,1.05035853326452
"SPECTRUM-OV-116","Solid",1500,"chr10",10,0.983223682721742
"SPECTRUM-OV-116","Solid",1500,"chr11",11,1.0133179086152
"SPECTRUM-OV-116","Solid",1500,"chr12",12,1.05717241010468
"SPECTRUM-OV-116","Solid",1500,"chr13",13,1.00096979129735
"SPECTRUM-OV-116","Solid",1500,"chr14",14,0.970690035096233
"SPECTRUM-OV-116","Solid",1500,"chr15",15,1.00215803633012
"SPECTRUM-OV-116","Solid",1500,"chr16",16,1.00342909084963
"SPECTRUM-OV-116","Solid",1500,"chr17",17,1.02042866419162
"SPECTRUM-OV-116","Solid",1500,"chr18",18,0.993622833205648
"SPECTRUM-OV-116","Solid",1500,"chr19",19,1.00797840202009
"SPECTRUM-OV-116","Solid",1500,"chr20",20,1.07420975186071
"SPECTRUM-OV-116","Solid",1500,"chr21",21,1.02012570476638
"SPECTRUM-OV-116","Solid",1500,"chr22",22,0.893702889324798
"SPECTRUM-OV-116","Ascites",969,"chr1",1,1.01381903264658
"SPECTRUM-OV-116","Ascites",969,"chr2",2,0.991913864568744
"SPECTRUM-OV-116","Ascites",969,"chr3",3,1.04344577097449
"SPECTRUM-OV-116","Ascites",969,"chr4",4,0.992876312997807
"SPECTRUM-OV-116","Ascites",969,"chr5",5,0.970227949533754
"SPECTRUM-OV-116","Ascites",969,"chr6",6,0.895159242208346
"SPECTRUM-OV-116","Ascites",969,"chr7",7,1.01261524998067
"SPECTRUM-OV-116","Ascites",969,"chr8",8,1.12668786653829
"SPECTRUM-OV-116","Ascites",969,"chr9",9,1.05359929926861
"SPECTRUM-OV-116","Ascites",969,"chr10",10,0.997791740703939
"SPECTRUM-OV-116","Ascites",969,"chr11",11,1.00403108788685
"SPECTRUM-OV-116","Ascites",969,"chr12",12,1.03482695849611
"SPECTRUM-OV-116","Ascites",969,"chr13",13,0.977939955267301
"SPECTRUM-OV-116","Ascites",969,"chr14",14,0.949244948417198
"SPECTRUM-OV-116","Ascites",969,"chr15",15,1.00310968693368
"SPECTRUM-OV-116","Ascites",969,"chr16",16,1.03319548221827
"SPECTRUM-OV-116","Ascites",969,"chr17",17,1.02044484166387
"SPECTRUM-OV-116","Ascites",969,"chr18",18,1.01102985124367
"SPECTRUM-OV-116","Ascites",969,"chr19",19,1.00752444420207
"SPECTRUM-OV-116","Ascites",969,"chr20",20,1.06616407108458
"SPECTRUM-OV-116","Ascites",969,"chr21",21,1.01161075393013
"SPECTRUM-OV-116","Ascites",969,"chr22",22,0.911684860559446
